ÌíàÎ™©,Í∞ÄÍ≤©,ÏÑ∏ÏùºÍ∞ÄÍ≤©,ÏÑ∏Ïùº Í∞ÄÍ≤©
 Haruharu WONDER Black Rice Hyaluronic Toner 300ml,USD 37.00,,USD 33.30
 SOME BY MI Propolis B5 Glow Barrier Calming Toner 150ml,USD 22.00,,USD 19.80
 Anua Heartleaf 77% Soothing Toner 250ml,USD 28.00,,USD 25.20
 COSRX AHA/BHA CLARIFYING TREATMENT TONER 150ml,USD 17.25,,USD 8.29
 COSRX Full Fit Propolis Synergy Toner 150ml,USD 28.00,,USD 10.59
 Beauty of Joseon Ginseng Essence Water 150ml,USD 24.55,,USD 18.41
 Haruharu WONDER Black Rice Hyaluronic Toner 150ml (Fragrance Free),USD 22.00,,USD 19.80
 ROUND LAB 1025 Dokdo Toner 200ml,USD 17.00,,USD 11.99
 SOME BY MI AHA BHA PHA 30 Days Miracle Toner 150ml,USD 24.00,,USD 14.29
 COSRX BHA BLACKHEAD POWER LIQUID 100 ML,USD 20.81,,USD 11.39
 Pyunkang Yul Essence Toner 200ml,USD 21.90,,USD 9.39
 üî∏0.99dealüî∏ COSRX Refresh AHA/BHA Vitamin C Daily Toner 50ml,USD 9.00,,USD 0.99
 numbuzin No.3 Super Glowing Essence Toner 200ml,USD 23.00,,USD 20.70
 Isntree Green tea Fresh Toner 200ml,USD 19.90,,USD 17.91
 AXIS-Y The Mini Glow Set,USD 7.00,,USD 6.30
 COSRX CENTELLA WATER ALCOHOL FREE TONER 150ml,USD 17.25,,USD 12.79
 COSRX AHA 7 WHITEHEAD POWER LIQUID 100ml,USD 17.81,,USD 11.79
 COSRX Balancium Comfort Ceramide Cream Mist 120ml,USD 29.00,,USD 26.10
 ROUND LAB 1025 Dokdo Toner 100ml,USD 13.55,,USD 12.19
 Isntree Hyaluronic Acid Toner 200ml (Renewal),USD 19.30,,USD 17.37
 ROUND LAB 1025 Dokdo Toner 500ml,USD 34.00,,USD 30.60
 COSRX Full Fit Propolis Synergy Toner 50ml,USD 9.00,,USD 8.10
 Anua Heartleaf 77% Soothing Toner 250ml,USD 28.00,,USD 25.20
 COSRX AHA/BHA CLARIFYING TREATMENT TONER 150ml,USD 17.25,,USD 8.29
 COSRX Full Fit Propolis Synergy Toner 150ml,USD 28.00,,USD 10.59
 Beauty of Joseon Ginseng Essence Water 150ml,USD 24.55,,USD 18.41
 Haruharu WONDER Black Rice Hyaluronic Toner 150ml (Fragrance Free),USD 22.00,,USD 19.80
 ROUND LAB 1025 Dokdo Toner 200ml,USD 17.00,,USD 11.99
 SOME BY MI AHA BHA PHA 30 Days Miracle Toner 150ml,USD 24.00,,USD 14.29
 COSRX BHA BLACKHEAD POWER LIQUID 100 ML,USD 20.81,,USD 11.39
 Pyunkang Yul Essence Toner 200ml,USD 21.90,,USD 9.39
 üî∏0.99dealüî∏ COSRX Refresh AHA/BHA Vitamin C Daily Toner 50ml,USD 9.00,,USD 0.99
 numbuzin No.3 Super Glowing Essence Toner 200ml,USD 23.00,,USD 20.70
 Isntree Green tea Fresh Toner 200ml,USD 19.90,,USD 17.91
 AXIS-Y The Mini Glow Set,USD 7.00,,USD 6.30
 COSRX CENTELLA WATER ALCOHOL FREE TONER 150ml,USD 17.25,,USD 12.79
 COSRX AHA 7 WHITEHEAD POWER LIQUID 100ml,USD 17.81,,USD 11.79
 COSRX Balancium Comfort Ceramide Cream Mist 120ml,USD 29.00,,USD 26.10
 ROUND LAB 1025 Dokdo Toner 100ml,USD 13.55,,USD 12.19
 Isntree Hyaluronic Acid Toner 200ml (Renewal),USD 19.30,,USD 17.37
 ROUND LAB 1025 Dokdo Toner 500ml,USD 34.00,,USD 30.60
 COSRX Full Fit Propolis Synergy Toner 50ml,USD 9.00,,USD 8.10
 Anua Heartleaf 77% Soothing Toner 250ml,USD 28.00,,USD 25.20
 COSRX AHA/BHA CLARIFYING TREATMENT TONER 150ml,USD 17.25,,USD 8.29
 COSRX Full Fit Propolis Synergy Toner 150ml,USD 28.00,,USD 10.59
 Beauty of Joseon Ginseng Essence Water 150ml,USD 24.55,,USD 18.41
 Haruharu WONDER Black Rice Hyaluronic Toner 150ml (Fragrance Free),USD 22.00,,USD 19.80
 ROUND LAB 1025 Dokdo Toner 200ml,USD 17.00,,USD 11.99
 SOME BY MI AHA BHA PHA 30 Days Miracle Toner 150ml,USD 24.00,,USD 14.29
 COSRX BHA BLACKHEAD POWER LIQUID 100 ML,USD 20.81,,USD 11.39
 Pyunkang Yul Essence Toner 200ml,USD 21.90,,USD 9.39
 üî∏0.99dealüî∏ COSRX Refresh AHA/BHA Vitamin C Daily Toner 50ml,USD 9.00,,USD 0.99
 numbuzin No.3 Super Glowing Essence Toner 200ml,USD 23.00,,USD 20.70
 Isntree Green tea Fresh Toner 200ml,USD 19.90,,USD 17.91
 AXIS-Y The Mini Glow Set,USD 7.00,,USD 6.30
 COSRX CENTELLA WATER ALCOHOL FREE TONER 150ml,USD 17.25,,USD 12.79
 COSRX AHA 7 WHITEHEAD POWER LIQUID 100ml,USD 17.81,,USD 11.79
 COSRX Balancium Comfort Ceramide Cream Mist 120ml,USD 29.00,,USD 26.10
 ROUND LAB 1025 Dokdo Toner 100ml,USD 13.55,,USD 12.19
 Isntree Hyaluronic Acid Toner 200ml (Renewal),USD 19.30,,USD 17.37
 ROUND LAB 1025 Dokdo Toner 500ml,USD 34.00,,USD 30.60
 COSRX Full Fit Propolis Synergy Toner 50ml,USD 9.00,,USD 8.10
 Anua Heartleaf 77% Soothing Toner 250ml,USD 28.00,,USD 25.20
 COSRX AHA/BHA CLARIFYING TREATMENT TONER 150ml,USD 17.25,,USD 8.29
 COSRX Full Fit Propolis Synergy Toner 150ml,USD 28.00,,USD 10.59
 Beauty of Joseon Ginseng Essence Water 150ml,USD 24.55,,USD 18.41
 Haruharu WONDER Black Rice Hyaluronic Toner 150ml (Fragrance Free),USD 22.00,,USD 19.80
 ROUND LAB 1025 Dokdo Toner 200ml,USD 17.00,,USD 11.99
 SOME BY MI AHA BHA PHA 30 Days Miracle Toner 150ml,USD 24.00,,USD 14.29
 COSRX BHA BLACKHEAD POWER LIQUID 100 ML,USD 20.81,,USD 11.39
 Pyunkang Yul Essence Toner 200ml,USD 21.90,,USD 9.39
 üî∏0.99dealüî∏ COSRX Refresh AHA/BHA Vitamin C Daily Toner 50ml,USD 9.00,,USD 0.99
 numbuzin No.3 Super Glowing Essence Toner 200ml,USD 23.00,,USD 20.70
 Isntree Green tea Fresh Toner 200ml,USD 19.90,,USD 17.91
 AXIS-Y The Mini Glow Set,USD 7.00,,USD 6.30
 COSRX CENTELLA WATER ALCOHOL FREE TONER 150ml,USD 17.25,,USD 12.79
 COSRX AHA 7 WHITEHEAD POWER LIQUID 100ml,USD 17.81,,USD 11.79
 COSRX Balancium Comfort Ceramide Cream Mist 120ml,USD 29.00,,USD 26.10
 ROUND LAB 1025 Dokdo Toner 100ml,USD 13.55,,USD 12.19
 Isntree Hyaluronic Acid Toner 200ml (Renewal),USD 19.30,,USD 17.37
 ROUND LAB 1025 Dokdo Toner 500ml,USD 34.00,,USD 30.60
 COSRX Full Fit Propolis Synergy Toner 50ml,USD 9.00,,USD 8.10
 Anua Heartleaf 77% Soothing Toner 250ml,USD 28.00,,USD 25.20
 COSRX AHA/BHA CLARIFYING TREATMENT TONER 150ml,USD 17.25,,USD 8.29
 COSRX Full Fit Propolis Synergy Toner 150ml,USD 28.00,,USD 10.59
 Beauty of Joseon Ginseng Essence Water 150ml,USD 24.55,,USD 18.41
 Haruharu WONDER Black Rice Hyaluronic Toner 150ml (Fragrance Free),USD 22.00,,USD 19.80
 ROUND LAB 1025 Dokdo Toner 200ml,USD 17.00,,USD 11.99
 SOME BY MI AHA BHA PHA 30 Days Miracle Toner 150ml,USD 24.00,,USD 14.29
 COSRX BHA BLACKHEAD POWER LIQUID 100 ML,USD 20.81,,USD 11.39
 Pyunkang Yul Essence Toner 200ml,USD 21.90,,USD 9.39
 üî∏0.99dealüî∏ COSRX Refresh AHA/BHA Vitamin C Daily Toner 50ml,USD 9.00,,USD 0.99
 numbuzin No.3 Super Glowing Essence Toner 200ml,USD 23.00,,USD 20.70
 Isntree Green tea Fresh Toner 200ml,USD 19.90,,USD 17.91
 AXIS-Y The Mini Glow Set,USD 7.00,,USD 6.30
 COSRX CENTELLA WATER ALCOHOL FREE TONER 150ml,USD 17.25,,USD 12.79
 COSRX AHA 7 WHITEHEAD POWER LIQUID 100ml,USD 17.81,,USD 11.79
 COSRX Balancium Comfort Ceramide Cream Mist 120ml,USD 29.00,,USD 26.10
 ROUND LAB 1025 Dokdo Toner 100ml,USD 13.55,,USD 12.19
 Isntree Hyaluronic Acid Toner 200ml (Renewal),USD 19.30,,USD 17.37
 ROUND LAB 1025 Dokdo Toner 500ml,USD 34.00,,USD 30.60
 COSRX Full Fit Propolis Synergy Toner 50ml,USD 9.00,,USD 8.10
 Anua Heartleaf 77% Soothing Toner 250ml,USD 28.00,,USD 25.20
 COSRX AHA/BHA CLARIFYING TREATMENT TONER 150ml,USD 17.25,,USD 8.29
 COSRX Full Fit Propolis Synergy Toner 150ml,USD 28.00,,USD 10.59
 Beauty of Joseon Ginseng Essence Water 150ml,USD 24.55,,USD 18.41
 Haruharu WONDER Black Rice Hyaluronic Toner 150ml (Fragrance Free),USD 22.00,,USD 19.80
 ROUND LAB 1025 Dokdo Toner 200ml,USD 17.00,,USD 11.99
 SOME BY MI AHA BHA PHA 30 Days Miracle Toner 150ml,USD 24.00,,USD 14.29
 COSRX BHA BLACKHEAD POWER LIQUID 100 ML,USD 20.81,,USD 11.39
 Pyunkang Yul Essence Toner 200ml,USD 21.90,,USD 9.39
 üî∏0.99dealüî∏ COSRX Refresh AHA/BHA Vitamin C Daily Toner 50ml,USD 9.00,,USD 0.99
 numbuzin No.3 Super Glowing Essence Toner 200ml,USD 23.00,,USD 20.70
 Isntree Green tea Fresh Toner 200ml,USD 19.90,,USD 17.91
 AXIS-Y The Mini Glow Set,USD 7.00,,USD 6.30
 COSRX CENTELLA WATER ALCOHOL FREE TONER 150ml,USD 17.25,,USD 12.79
 COSRX AHA 7 WHITEHEAD POWER LIQUID 100ml,USD 17.81,,USD 11.79
 COSRX Balancium Comfort Ceramide Cream Mist 120ml,USD 29.00,,USD 26.10
 ROUND LAB 1025 Dokdo Toner 100ml,USD 13.55,,USD 12.19
 Isntree Hyaluronic Acid Toner 200ml (Renewal),USD 19.30,,USD 17.37
 ROUND LAB 1025 Dokdo Toner 500ml,USD 34.00,,USD 30.60
 COSRX Full Fit Propolis Synergy Toner 50ml,USD 9.00,,USD 8.10
 Anua Heartleaf 77% Soothing Toner 250ml,USD 28.00,,USD 25.20
 COSRX AHA/BHA CLARIFYING TREATMENT TONER 150ml,USD 17.25,,USD 8.29
 COSRX Full Fit Propolis Synergy Toner 150ml,USD 28.00,,USD 10.59
 Beauty of Joseon Ginseng Essence Water 150ml,USD 24.55,,USD 18.41
 Haruharu WONDER Black Rice Hyaluronic Toner 150ml (Fragrance Free),USD 22.00,,USD 19.80
 ROUND LAB 1025 Dokdo Toner 200ml,USD 17.00,,USD 11.99
 SOME BY MI AHA BHA PHA 30 Days Miracle Toner 150ml,USD 24.00,,USD 14.29
 COSRX BHA BLACKHEAD POWER LIQUID 100 ML,USD 20.81,,USD 11.39
 Pyunkang Yul Essence Toner 200ml,USD 21.90,,USD 9.39
 üî∏0.99dealüî∏ COSRX Refresh AHA/BHA Vitamin C Daily Toner 50ml,USD 9.00,,USD 0.99
 numbuzin No.3 Super Glowing Essence Toner 200ml,USD 23.00,,USD 20.70
 Isntree Green tea Fresh Toner 200ml,USD 19.90,,USD 17.91
 AXIS-Y The Mini Glow Set,USD 7.00,,USD 6.30
 COSRX CENTELLA WATER ALCOHOL FREE TONER 150ml,USD 17.25,,USD 12.79
 COSRX AHA 7 WHITEHEAD POWER LIQUID 100ml,USD 17.81,,USD 11.79
 COSRX Balancium Comfort Ceramide Cream Mist 120ml,USD 29.00,,USD 26.10
 ROUND LAB 1025 Dokdo Toner 100ml,USD 13.55,,USD 12.19
 Isntree Hyaluronic Acid Toner 200ml (Renewal),USD 19.30,,USD 17.37
 ROUND LAB 1025 Dokdo Toner 500ml,USD 34.00,,USD 30.60
 COSRX Full Fit Propolis Synergy Toner 50ml,USD 9.00,,USD 8.10
 Anua Heartleaf 77% Soothing Toner 250ml,USD 28.00,,USD 25.20
 COSRX AHA/BHA CLARIFYING TREATMENT TONER 150ml,USD 17.25,,USD 8.29
 COSRX Full Fit Propolis Synergy Toner 150ml,USD 28.00,,USD 10.59
 Beauty of Joseon Ginseng Essence Water 150ml,USD 24.55,,USD 18.41
 Haruharu WONDER Black Rice Hyaluronic Toner 150ml (Fragrance Free),USD 22.00,,USD 19.80
 ROUND LAB 1025 Dokdo Toner 200ml,USD 17.00,,USD 11.99
 SOME BY MI AHA BHA PHA 30 Days Miracle Toner 150ml,USD 24.00,,USD 14.29
 COSRX BHA BLACKHEAD POWER LIQUID 100 ML,USD 20.81,,USD 11.39
 Pyunkang Yul Essence Toner 200ml,USD 21.90,,USD 9.39
 üî∏0.99dealüî∏ COSRX Refresh AHA/BHA Vitamin C Daily Toner 50ml,USD 9.00,,USD 0.99
 numbuzin No.3 Super Glowing Essence Toner 200ml,USD 23.00,,USD 20.70
 Isntree Green tea Fresh Toner 200ml,USD 19.90,,USD 17.91
 AXIS-Y The Mini Glow Set,USD 7.00,,USD 6.30
 COSRX CENTELLA WATER ALCOHOL FREE TONER 150ml,USD 17.25,,USD 12.79
 COSRX AHA 7 WHITEHEAD POWER LIQUID 100ml,USD 17.81,,USD 11.79
 COSRX Balancium Comfort Ceramide Cream Mist 120ml,USD 29.00,,USD 26.10
 ROUND LAB 1025 Dokdo Toner 100ml,USD 13.55,,USD 12.19
 Isntree Hyaluronic Acid Toner 200ml (Renewal),USD 19.30,,USD 17.37
 ROUND LAB 1025 Dokdo Toner 500ml,USD 34.00,,USD 30.60
 COSRX Full Fit Propolis Synergy Toner 50ml,USD 9.00,,USD 8.10
 Anua Heartleaf 77% Soothing Toner 250ml,USD 28.00,,USD 25.20
 COSRX AHA/BHA CLARIFYING TREATMENT TONER 150ml,USD 17.25,,USD 8.29
 COSRX Full Fit Propolis Synergy Toner 150ml,USD 28.00,,USD 10.59
 Beauty of Joseon Ginseng Essence Water 150ml,USD 24.55,,USD 18.41
 Haruharu WONDER Black Rice Hyaluronic Toner 150ml (Fragrance Free),USD 22.00,,USD 19.80
 ROUND LAB 1025 Dokdo Toner 200ml,USD 17.00,,USD 11.99
 SOME BY MI AHA BHA PHA 30 Days Miracle Toner 150ml,USD 24.00,,USD 14.29
 COSRX BHA BLACKHEAD POWER LIQUID 100 ML,USD 20.81,,USD 11.39
 Pyunkang Yul Essence Toner 200ml,USD 21.90,,USD 9.39
 üî∏0.99dealüî∏ COSRX Refresh AHA/BHA Vitamin C Daily Toner 50ml,USD 9.00,,USD 0.99
 numbuzin No.3 Super Glowing Essence Toner 200ml,USD 23.00,,USD 20.70
 Isntree Green tea Fresh Toner 200ml,USD 19.90,,USD 17.91
 AXIS-Y The Mini Glow Set,USD 7.00,,USD 6.30
 COSRX CENTELLA WATER ALCOHOL FREE TONER 150ml,USD 17.25,,USD 12.79
 COSRX AHA 7 WHITEHEAD POWER LIQUID 100ml,USD 17.81,,USD 11.79
 COSRX Balancium Comfort Ceramide Cream Mist 120ml,USD 29.00,,USD 26.10
 ROUND LAB 1025 Dokdo Toner 100ml,USD 13.55,,USD 12.19
 Isntree Hyaluronic Acid Toner 200ml (Renewal),USD 19.30,,USD 17.37
 ROUND LAB 1025 Dokdo Toner 500ml,USD 34.00,,USD 30.60
 COSRX Full Fit Propolis Synergy Toner 50ml,USD 9.00,,USD 8.10
 Anua Heartleaf 77% Soothing Toner 250ml,USD 28.00,,USD 25.20
 COSRX AHA/BHA CLARIFYING TREATMENT TONER 150ml,USD 17.25,,USD 8.29
 COSRX Full Fit Propolis Synergy Toner 150ml,USD 28.00,,USD 10.59
 Beauty of Joseon Ginseng Essence Water 150ml,USD 24.55,,USD 18.41
 Haruharu WONDER Black Rice Hyaluronic Toner 150ml (Fragrance Free),USD 22.00,,USD 19.80
 ROUND LAB 1025 Dokdo Toner 200ml,USD 17.00,,USD 11.99
 SOME BY MI AHA BHA PHA 30 Days Miracle Toner 150ml,USD 24.00,,USD 14.29
 COSRX BHA BLACKHEAD POWER LIQUID 100 ML,USD 20.81,,USD 11.39
 Pyunkang Yul Essence Toner 200ml,USD 21.90,,USD 9.39
 üî∏0.99dealüî∏ COSRX Refresh AHA/BHA Vitamin C Daily Toner 50ml,USD 9.00,,USD 0.99
 numbuzin No.3 Super Glowing Essence Toner 200ml,USD 23.00,,USD 20.70
 Isntree Green tea Fresh Toner 200ml,USD 19.90,,USD 17.91
 AXIS-Y The Mini Glow Set,USD 7.00,,USD 6.30
 COSRX CENTELLA WATER ALCOHOL FREE TONER 150ml,USD 17.25,,USD 12.79
 COSRX AHA 7 WHITEHEAD POWER LIQUID 100ml,USD 17.81,,USD 11.79
 COSRX Balancium Comfort Ceramide Cream Mist 120ml,USD 29.00,,USD 26.10
 ROUND LAB 1025 Dokdo Toner 100ml,USD 13.55,,USD 12.19
 Isntree Hyaluronic Acid Toner 200ml (Renewal),USD 19.30,,USD 17.37
 ROUND LAB 1025 Dokdo Toner 500ml,USD 34.00,,USD 30.60
 COSRX Full Fit Propolis Synergy Toner 50ml,USD 9.00,,USD 8.10
 Anua Heartleaf 77% Soothing Toner 250ml,USD 28.00,,USD 25.20
 COSRX AHA/BHA CLARIFYING TREATMENT TONER 150ml,USD 17.25,,USD 8.29
 COSRX Full Fit Propolis Synergy Toner 150ml,USD 28.00,,USD 10.59
 Beauty of Joseon Ginseng Essence Water 150ml,USD 24.55,,USD 18.41
 Haruharu WONDER Black Rice Hyaluronic Toner 150ml (Fragrance Free),USD 22.00,,USD 19.80
 ROUND LAB 1025 Dokdo Toner 200ml,USD 17.00,,USD 11.99
 SOME BY MI AHA BHA PHA 30 Days Miracle Toner 150ml,USD 24.00,,USD 14.29
 COSRX BHA BLACKHEAD POWER LIQUID 100 ML,USD 20.81,,USD 11.39
 Pyunkang Yul Essence Toner 200ml,USD 21.90,,USD 9.39
 üî∏0.99dealüî∏ COSRX Refresh AHA/BHA Vitamin C Daily Toner 50ml,USD 9.00,,USD 0.99
 numbuzin No.3 Super Glowing Essence Toner 200ml,USD 23.00,,USD 20.70
 Isntree Green tea Fresh Toner 200ml,USD 19.90,,USD 17.91
 AXIS-Y The Mini Glow Set,USD 7.00,,USD 6.30
 COSRX CENTELLA WATER ALCOHOL FREE TONER 150ml,USD 17.25,,USD 12.79
 COSRX AHA 7 WHITEHEAD POWER LIQUID 100ml,USD 17.81,,USD 11.79
 COSRX Balancium Comfort Ceramide Cream Mist 120ml,USD 29.00,,USD 26.10
 ROUND LAB 1025 Dokdo Toner 100ml,USD 13.55,,USD 12.19
 Isntree Hyaluronic Acid Toner 200ml (Renewal),USD 19.30,,USD 17.37
 ROUND LAB 1025 Dokdo Toner 500ml,USD 34.00,,USD 30.60
 COSRX Full Fit Propolis Synergy Toner 50ml,USD 9.00,,USD 8.10
 Anua Heartleaf 77% Soothing Toner 250ml,USD 28.00,,USD 25.20
 COSRX AHA/BHA CLARIFYING TREATMENT TONER 150ml,USD 17.25,,USD 8.29
 COSRX Full Fit Propolis Synergy Toner 150ml,USD 28.00,,USD 10.59
 Beauty of Joseon Ginseng Essence Water 150ml,USD 24.55,,USD 18.41
 Haruharu WONDER Black Rice Hyaluronic Toner 150ml (Fragrance Free),USD 22.00,,USD 19.80
 ROUND LAB 1025 Dokdo Toner 200ml,USD 17.00,,USD 11.99
 SOME BY MI AHA BHA PHA 30 Days Miracle Toner 150ml,USD 24.00,,USD 14.29
 COSRX BHA BLACKHEAD POWER LIQUID 100 ML,USD 20.81,,USD 11.39
 Pyunkang Yul Essence Toner 200ml,USD 21.90,,USD 9.39
 üî∏0.99dealüî∏ COSRX Refresh AHA/BHA Vitamin C Daily Toner 50ml,USD 9.00,,USD 0.99
 numbuzin No.3 Super Glowing Essence Toner 200ml,USD 23.00,,USD 20.70
 Isntree Green tea Fresh Toner 200ml,USD 19.90,,USD 17.91
 AXIS-Y The Mini Glow Set,USD 7.00,,USD 6.30
 COSRX CENTELLA WATER ALCOHOL FREE TONER 150ml,USD 17.25,,USD 12.79
 COSRX AHA 7 WHITEHEAD POWER LIQUID 100ml,USD 17.81,,USD 11.79
 COSRX Balancium Comfort Ceramide Cream Mist 120ml,USD 29.00,,USD 26.10
 ROUND LAB 1025 Dokdo Toner 100ml,USD 13.55,,USD 12.19
 Isntree Hyaluronic Acid Toner 200ml (Renewal),USD 19.30,,USD 17.37
 ROUND LAB 1025 Dokdo Toner 500ml,USD 34.00,,USD 30.60
 COSRX Full Fit Propolis Synergy Toner 50ml,USD 9.00,,USD 8.10
 Anua Heartleaf 77% Soothing Toner 250ml,USD 28.00,,USD 25.20
 COSRX AHA/BHA CLARIFYING TREATMENT TONER 150ml,USD 17.25,,USD 8.29
 COSRX Full Fit Propolis Synergy Toner 150ml,USD 28.00,,USD 10.59
 Beauty of Joseon Ginseng Essence Water 150ml,USD 24.55,,USD 18.41
 Haruharu WONDER Black Rice Hyaluronic Toner 150ml (Fragrance Free),USD 22.00,,USD 19.80
 ROUND LAB 1025 Dokdo Toner 200ml,USD 17.00,,USD 11.99
 SOME BY MI AHA BHA PHA 30 Days Miracle Toner 150ml,USD 24.00,,USD 14.29
 COSRX BHA BLACKHEAD POWER LIQUID 100 ML,USD 20.81,,USD 11.39
 Pyunkang Yul Essence Toner 200ml,USD 21.90,,USD 9.39
 üî∏0.99dealüî∏ COSRX Refresh AHA/BHA Vitamin C Daily Toner 50ml,USD 9.00,,USD 0.99
 numbuzin No.3 Super Glowing Essence Toner 200ml,USD 23.00,,USD 20.70
 Isntree Green tea Fresh Toner 200ml,USD 19.90,,USD 17.91
 AXIS-Y The Mini Glow Set,USD 7.00,,USD 6.30
 COSRX CENTELLA WATER ALCOHOL FREE TONER 150ml,USD 17.25,,USD 12.79
 COSRX AHA 7 WHITEHEAD POWER LIQUID 100ml,USD 17.81,,USD 11.79
 COSRX Balancium Comfort Ceramide Cream Mist 120ml,USD 29.00,,USD 26.10
 ROUND LAB 1025 Dokdo Toner 100ml,USD 13.55,,USD 12.19
 Isntree Hyaluronic Acid Toner 200ml (Renewal),USD 19.30,,USD 17.37
 ROUND LAB 1025 Dokdo Toner 500ml,USD 34.00,,USD 30.60
 COSRX Full Fit Propolis Synergy Toner 50ml,USD 9.00,,USD 8.10
 Anua Heartleaf 77% Soothing Toner 250ml,USD 28.00,,USD 25.20
 COSRX AHA/BHA CLARIFYING TREATMENT TONER 150ml,USD 17.25,,USD 8.29
 COSRX Full Fit Propolis Synergy Toner 150ml,USD 28.00,,USD 10.59
 Beauty of Joseon Ginseng Essence Water 150ml,USD 24.55,,USD 18.41
 Haruharu WONDER Black Rice Hyaluronic Toner 150ml (Fragrance Free),USD 22.00,,USD 19.80
 ROUND LAB 1025 Dokdo Toner 200ml,USD 17.00,,USD 11.99
 SOME BY MI AHA BHA PHA 30 Days Miracle Toner 150ml,USD 24.00,,USD 14.29
 COSRX BHA BLACKHEAD POWER LIQUID 100 ML,USD 20.81,,USD 11.39
 Pyunkang Yul Essence Toner 200ml,USD 21.90,,USD 9.39
 üî∏0.99dealüî∏ COSRX Refresh AHA/BHA Vitamin C Daily Toner 50ml,USD 9.00,,USD 0.99
 numbuzin No.3 Super Glowing Essence Toner 200ml,USD 23.00,,USD 20.70
 Isntree Green tea Fresh Toner 200ml,USD 19.90,,USD 17.91
 AXIS-Y The Mini Glow Set,USD 7.00,,USD 6.30
 COSRX CENTELLA WATER ALCOHOL FREE TONER 150ml,USD 17.25,,USD 12.79
 COSRX AHA 7 WHITEHEAD POWER LIQUID 100ml,USD 17.81,,USD 11.79
 COSRX Balancium Comfort Ceramide Cream Mist 120ml,USD 29.00,,USD 26.10
 ROUND LAB 1025 Dokdo Toner 100ml,USD 13.55,,USD 12.19
 Isntree Hyaluronic Acid Toner 200ml (Renewal),USD 19.30,,USD 17.37
 ROUND LAB 1025 Dokdo Toner 500ml,USD 34.00,,USD 30.60
 COSRX Full Fit Propolis Synergy Toner 50ml,USD 9.00,,USD 8.10
 Anua Heartleaf 77% Soothing Toner 250ml,USD 28.00,,USD 25.20
 COSRX AHA/BHA CLARIFYING TREATMENT TONER 150ml,USD 17.25,,USD 8.29
 COSRX Full Fit Propolis Synergy Toner 150ml,USD 28.00,,USD 10.59
 Beauty of Joseon Ginseng Essence Water 150ml,USD 24.55,,USD 18.41
 Haruharu WONDER Black Rice Hyaluronic Toner 150ml (Fragrance Free),USD 22.00,,USD 19.80
 ROUND LAB 1025 Dokdo Toner 200ml,USD 17.00,,USD 11.99
 SOME BY MI AHA BHA PHA 30 Days Miracle Toner 150ml,USD 24.00,,USD 14.29
 COSRX BHA BLACKHEAD POWER LIQUID 100 ML,USD 20.81,,USD 11.39
 Pyunkang Yul Essence Toner 200ml,USD 21.90,,USD 9.39
 üî∏0.99dealüî∏ COSRX Refresh AHA/BHA Vitamin C Daily Toner 50ml,USD 9.00,,USD 0.99
 numbuzin No.3 Super Glowing Essence Toner 200ml,USD 23.00,,USD 20.70
 Isntree Green tea Fresh Toner 200ml,USD 19.90,,USD 17.91
 AXIS-Y The Mini Glow Set,USD 7.00,,USD 6.30
 COSRX CENTELLA WATER ALCOHOL FREE TONER 150ml,USD 17.25,,USD 12.79
 COSRX AHA 7 WHITEHEAD POWER LIQUID 100ml,USD 17.81,,USD 11.79
 COSRX Balancium Comfort Ceramide Cream Mist 120ml,USD 29.00,,USD 26.10
 ROUND LAB 1025 Dokdo Toner 100ml,USD 13.55,,USD 12.19
 Isntree Hyaluronic Acid Toner 200ml (Renewal),USD 19.30,,USD 17.37
 ROUND LAB 1025 Dokdo Toner 500ml,USD 34.00,,USD 30.60
 COSRX Full Fit Propolis Synergy Toner 50ml,USD 9.00,,USD 8.10
 Anua Heartleaf 77% Soothing Toner 250ml,USD 28.00,,USD 25.20
 COSRX AHA/BHA CLARIFYING TREATMENT TONER 150ml,USD 17.25,,USD 8.29
 COSRX Full Fit Propolis Synergy Toner 150ml,USD 28.00,,USD 10.59
 Beauty of Joseon Ginseng Essence Water 150ml,USD 24.55,,USD 18.41
 Haruharu WONDER Black Rice Hyaluronic Toner 150ml (Fragrance Free),USD 22.00,,USD 19.80
 ROUND LAB 1025 Dokdo Toner 200ml,USD 17.00,,USD 11.99
 SOME BY MI AHA BHA PHA 30 Days Miracle Toner 150ml,USD 24.00,,USD 14.29
 COSRX BHA BLACKHEAD POWER LIQUID 100 ML,USD 20.81,,USD 11.39
 Pyunkang Yul Essence Toner 200ml,USD 21.90,,USD 9.39
 üî∏0.99dealüî∏ COSRX Refresh AHA/BHA Vitamin C Daily Toner 50ml,USD 9.00,,USD 0.99
 numbuzin No.3 Super Glowing Essence Toner 200ml,USD 23.00,,USD 20.70
 Isntree Green tea Fresh Toner 200ml,USD 19.90,,USD 17.91
 AXIS-Y The Mini Glow Set,USD 7.00,,USD 6.30
 COSRX CENTELLA WATER ALCOHOL FREE TONER 150ml,USD 17.25,,USD 12.79
 COSRX AHA 7 WHITEHEAD POWER LIQUID 100ml,USD 17.81,,USD 11.79
 COSRX Balancium Comfort Ceramide Cream Mist 120ml,USD 29.00,,USD 26.10
 ROUND LAB 1025 Dokdo Toner 100ml,USD 13.55,,USD 12.19
 Isntree Hyaluronic Acid Toner 200ml (Renewal),USD 19.30,,USD 17.37
 ROUND LAB 1025 Dokdo Toner 500ml,USD 34.00,,USD 30.60
 COSRX Full Fit Propolis Synergy Toner 50ml,USD 9.00,,USD 8.10
 Anua Heartleaf 77% Soothing Toner 250ml,USD 28.00,,USD 25.20
 COSRX AHA/BHA CLARIFYING TREATMENT TONER 150ml,USD 17.25,,USD 8.29
 COSRX Full Fit Propolis Synergy Toner 150ml,USD 28.00,,USD 10.59
 Beauty of Joseon Ginseng Essence Water 150ml,USD 24.55,,USD 18.41
 Haruharu WONDER Black Rice Hyaluronic Toner 150ml (Fragrance Free),USD 22.00,,USD 19.80
 ROUND LAB 1025 Dokdo Toner 200ml,USD 17.00,,USD 11.99
 SOME BY MI AHA BHA PHA 30 Days Miracle Toner 150ml,USD 24.00,,USD 14.29
 COSRX BHA BLACKHEAD POWER LIQUID 100 ML,USD 20.81,,USD 11.39
 Pyunkang Yul Essence Toner 200ml,USD 21.90,,USD 9.39
 üî∏0.99dealüî∏ COSRX Refresh AHA/BHA Vitamin C Daily Toner 50ml,USD 9.00,,USD 0.99
 numbuzin No.3 Super Glowing Essence Toner 200ml,USD 23.00,,USD 20.70
 Isntree Green tea Fresh Toner 200ml,USD 19.90,,USD 17.91
 AXIS-Y The Mini Glow Set,USD 7.00,,USD 6.30
 COSRX CENTELLA WATER ALCOHOL FREE TONER 150ml,USD 17.25,,USD 12.79
 COSRX AHA 7 WHITEHEAD POWER LIQUID 100ml,USD 17.81,,USD 11.79
 COSRX Balancium Comfort Ceramide Cream Mist 120ml,USD 29.00,,USD 26.10
 ROUND LAB 1025 Dokdo Toner 100ml,USD 13.55,,USD 12.19
 Isntree Hyaluronic Acid Toner 200ml (Renewal),USD 19.30,,USD 17.37
 ROUND LAB 1025 Dokdo Toner 500ml,USD 34.00,,USD 30.60
 COSRX Full Fit Propolis Synergy Toner 50ml,USD 9.00,,USD 8.10
 Anua Heartleaf 77% Soothing Toner 250ml,USD 28.00,,USD 25.20
 COSRX AHA/BHA CLARIFYING TREATMENT TONER 150ml,USD 17.25,,USD 8.29
 COSRX Full Fit Propolis Synergy Toner 150ml,USD 28.00,,USD 10.59
 Beauty of Joseon Ginseng Essence Water 150ml,USD 24.55,,USD 18.41
 Haruharu WONDER Black Rice Hyaluronic Toner 150ml (Fragrance Free),USD 22.00,,USD 19.80
 ROUND LAB 1025 Dokdo Toner 200ml,USD 17.00,,USD 11.99
 SOME BY MI AHA BHA PHA 30 Days Miracle Toner 150ml,USD 24.00,,USD 14.29
 COSRX BHA BLACKHEAD POWER LIQUID 100 ML,USD 20.81,,USD 11.39
 Pyunkang Yul Essence Toner 200ml,USD 21.90,,USD 9.39
 üî∏0.99dealüî∏ COSRX Refresh AHA/BHA Vitamin C Daily Toner 50ml,USD 9.00,,USD 0.99
 numbuzin No.3 Super Glowing Essence Toner 200ml,USD 23.00,,USD 20.70
 Isntree Green tea Fresh Toner 200ml,USD 19.90,,USD 17.91
 AXIS-Y The Mini Glow Set,USD 7.00,,USD 6.30
 COSRX CENTELLA WATER ALCOHOL FREE TONER 150ml,USD 17.25,,USD 12.79
 COSRX AHA 7 WHITEHEAD POWER LIQUID 100ml,USD 17.81,,USD 11.79
 COSRX Balancium Comfort Ceramide Cream Mist 120ml,USD 29.00,,USD 26.10
 ROUND LAB 1025 Dokdo Toner 100ml,USD 13.55,,USD 12.19
 Isntree Hyaluronic Acid Toner 200ml (Renewal),USD 19.30,,USD 17.37
 ROUND LAB 1025 Dokdo Toner 500ml,USD 34.00,,USD 30.60
 COSRX Full Fit Propolis Synergy Toner 50ml,USD 9.00,,USD 8.10
 Anua Heartleaf 77% Soothing Toner 250ml,USD 28.00,,USD 25.20
 COSRX AHA/BHA CLARIFYING TREATMENT TONER 150ml,USD 17.25,,USD 8.29
 COSRX Full Fit Propolis Synergy Toner 150ml,USD 28.00,,USD 10.59
 Beauty of Joseon Ginseng Essence Water 150ml,USD 24.55,,USD 18.41
 Haruharu WONDER Black Rice Hyaluronic Toner 150ml (Fragrance Free),USD 22.00,,USD 19.80
 ROUND LAB 1025 Dokdo Toner 200ml,USD 17.00,,USD 11.99
 SOME BY MI AHA BHA PHA 30 Days Miracle Toner 150ml,USD 24.00,,USD 14.29
 COSRX BHA BLACKHEAD POWER LIQUID 100 ML,USD 20.81,,USD 11.39
 Pyunkang Yul Essence Toner 200ml,USD 21.90,,USD 9.39
 üî∏0.99dealüî∏ COSRX Refresh AHA/BHA Vitamin C Daily Toner 50ml,USD 9.00,,USD 0.99
 numbuzin No.3 Super Glowing Essence Toner 200ml,USD 23.00,,USD 20.70
 Isntree Green tea Fresh Toner 200ml,USD 19.90,,USD 17.91
 AXIS-Y The Mini Glow Set,USD 7.00,,USD 6.30
 COSRX CENTELLA WATER ALCOHOL FREE TONER 150ml,USD 17.25,,USD 12.79
 COSRX AHA 7 WHITEHEAD POWER LIQUID 100ml,USD 17.81,,USD 11.79
 COSRX Balancium Comfort Ceramide Cream Mist 120ml,USD 29.00,,USD 26.10
 ROUND LAB 1025 Dokdo Toner 100ml,USD 13.55,,USD 12.19
 Isntree Hyaluronic Acid Toner 200ml (Renewal),USD 19.30,,USD 17.37
 ROUND LAB 1025 Dokdo Toner 500ml,USD 34.00,,USD 30.60
 COSRX Full Fit Propolis Synergy Toner 50ml,USD 9.00,,USD 8.10
 Anua Heartleaf 77% Soothing Toner 250ml,USD 28.00,,USD 25.20
 COSRX AHA/BHA CLARIFYING TREATMENT TONER 150ml,USD 17.25,,USD 8.29
 COSRX Full Fit Propolis Synergy Toner 150ml,USD 28.00,,USD 10.59
 Beauty of Joseon Ginseng Essence Water 150ml,USD 24.55,,USD 18.41
 Haruharu WONDER Black Rice Hyaluronic Toner 150ml (Fragrance Free),USD 22.00,,USD 19.80
 ROUND LAB 1025 Dokdo Toner 200ml,USD 17.00,,USD 11.99
 SOME BY MI AHA BHA PHA 30 Days Miracle Toner 150ml,USD 24.00,,USD 14.29
 COSRX BHA BLACKHEAD POWER LIQUID 100 ML,USD 20.81,,USD 11.39
 Pyunkang Yul Essence Toner 200ml,USD 21.90,,USD 9.39
 üî∏0.99dealüî∏ COSRX Refresh AHA/BHA Vitamin C Daily Toner 50ml,USD 9.00,,USD 0.99
 numbuzin No.3 Super Glowing Essence Toner 200ml,USD 23.00,,USD 20.70
 Isntree Green tea Fresh Toner 200ml,USD 19.90,,USD 17.91
 AXIS-Y The Mini Glow Set,USD 7.00,,USD 6.30
 COSRX CENTELLA WATER ALCOHOL FREE TONER 150ml,USD 17.25,,USD 12.79
 COSRX AHA 7 WHITEHEAD POWER LIQUID 100ml,USD 17.81,,USD 11.79
 COSRX Balancium Comfort Ceramide Cream Mist 120ml,USD 29.00,,USD 26.10
 ROUND LAB 1025 Dokdo Toner 100ml,USD 13.55,,USD 12.19
 Isntree Hyaluronic Acid Toner 200ml (Renewal),USD 19.30,,USD 17.37
 ROUND LAB 1025 Dokdo Toner 500ml,USD 34.00,,USD 30.60
 COSRX Full Fit Propolis Synergy Toner 50ml,USD 9.00,,USD 8.10
 Anua Heartleaf 77% Soothing Toner 250ml,USD 28.00,,USD 25.20
 COSRX AHA/BHA CLARIFYING TREATMENT TONER 150ml,USD 17.25,,USD 8.29
 COSRX Full Fit Propolis Synergy Toner 150ml,USD 28.00,,USD 10.59
 Beauty of Joseon Ginseng Essence Water 150ml,USD 24.55,,USD 18.41
 Haruharu WONDER Black Rice Hyaluronic Toner 150ml (Fragrance Free),USD 22.00,,USD 19.80
 ROUND LAB 1025 Dokdo Toner 200ml,USD 17.00,,USD 11.99
 SOME BY MI AHA BHA PHA 30 Days Miracle Toner 150ml,USD 24.00,,USD 14.29
 COSRX BHA BLACKHEAD POWER LIQUID 100 ML,USD 20.81,,USD 11.39
 Pyunkang Yul Essence Toner 200ml,USD 21.90,,USD 9.39
 üî∏0.99dealüî∏ COSRX Refresh AHA/BHA Vitamin C Daily Toner 50ml,USD 9.00,,USD 0.99
 numbuzin No.3 Super Glowing Essence Toner 200ml,USD 23.00,,USD 20.70
 Isntree Green tea Fresh Toner 200ml,USD 19.90,,USD 17.91
 AXIS-Y The Mini Glow Set,USD 7.00,,USD 6.30
 COSRX CENTELLA WATER ALCOHOL FREE TONER 150ml,USD 17.25,,USD 12.79
 COSRX AHA 7 WHITEHEAD POWER LIQUID 100ml,USD 17.81,,USD 11.79
 COSRX Balancium Comfort Ceramide Cream Mist 120ml,USD 29.00,,USD 26.10
 ROUND LAB 1025 Dokdo Toner 100ml,USD 13.55,,USD 12.19
 Isntree Hyaluronic Acid Toner 200ml (Renewal),USD 19.30,,USD 17.37
 ROUND LAB 1025 Dokdo Toner 500ml,USD 34.00,,USD 30.60
 COSRX Full Fit Propolis Synergy Toner 50ml,USD 9.00,,USD 8.10
 Anua Heartleaf 77% Soothing Toner 250ml,USD 28.00,,USD 25.20
 COSRX AHA/BHA CLARIFYING TREATMENT TONER 150ml,USD 17.25,,USD 8.29
 COSRX Full Fit Propolis Synergy Toner 150ml,USD 28.00,,USD 10.59
 Beauty of Joseon Ginseng Essence Water 150ml,USD 24.55,,USD 18.41
 Haruharu WONDER Black Rice Hyaluronic Toner 150ml (Fragrance Free),USD 22.00,,USD 19.80
 ROUND LAB 1025 Dokdo Toner 200ml,USD 17.00,,USD 11.99
 SOME BY MI AHA BHA PHA 30 Days Miracle Toner 150ml,USD 24.00,,USD 14.29
 COSRX BHA BLACKHEAD POWER LIQUID 100 ML,USD 20.81,,USD 11.39
 Pyunkang Yul Essence Toner 200ml,USD 21.90,,USD 9.39
 üî∏0.99dealüî∏ COSRX Refresh AHA/BHA Vitamin C Daily Toner 50ml,USD 9.00,,USD 0.99
 numbuzin No.3 Super Glowing Essence Toner 200ml,USD 23.00,,USD 20.70
 Isntree Green tea Fresh Toner 200ml,USD 19.90,,USD 17.91
 AXIS-Y The Mini Glow Set,USD 7.00,,USD 6.30
 COSRX CENTELLA WATER ALCOHOL FREE TONER 150ml,USD 17.25,,USD 12.79
 COSRX AHA 7 WHITEHEAD POWER LIQUID 100ml,USD 17.81,,USD 11.79
 COSRX Balancium Comfort Ceramide Cream Mist 120ml,USD 29.00,,USD 26.10
 ROUND LAB 1025 Dokdo Toner 100ml,USD 13.55,,USD 12.19
 Isntree Hyaluronic Acid Toner 200ml (Renewal),USD 19.30,,USD 17.37
 ROUND LAB 1025 Dokdo Toner 500ml,USD 34.00,,USD 30.60
 COSRX Full Fit Propolis Synergy Toner 50ml,USD 9.00,,USD 8.10
